Tab name,Object Name,Object Description
A&E ,Object Name 1,Object Desc 1
Inpatient ,Object Name 2,Object Desc 2
Outpatient ,Object Name 3,Object Desc 3
Databases,Object Name 4,Object Desc 4
A&E ,Object Name 5,Object Desc 5
Inpatient ,Object Name 6,Object Desc 6
Outpatient ,Object Name 7,Object Desc 7
Inpatient ,Object Name 8,Object Desc 8
Databases,Object Name 9,Object Desc 9
A&E ,Object Name 10,Object Desc 10
Inpatient ,Object Name 11,Object Desc 11
Databases,Object Name 12,Object Desc 12
Outpatient ,Object Name 13,Object Desc 13
Databases,Object Name 14,Object Desc 14
A&E ,Object Name 15,Object Desc 15
Inpatient ,,
